year,pc4,claims_n,pos_besluiten_n,vergoeding_eur,adressen
2020,8433,0,60.153649167733676,985876.1874125876,1620
2020,9132,0,8.29245283018868,2209.054150943396,293
2020,9293,0,6.820754716981132,1817.0035849056603,241
2020,9301,0,200,11529.45,6448
2020,9302,0,46,12590.42,1386
2020,9304,0,11.272425249169435,2363.7984219269106,117
2020,9305,0,14.451827242524917,3030.5107973421927,150
2020,9306,0,5.009966777408637,1050.5770764119602,52
2020,9307,0,16.66777408637874,3495.189119601329,173
2020,9311,0,46,11704.3,732
2020,9312,0,13.142245989304811,0,512
2020,9313,0,1.925133689839572,0,75
2020,9314,0,2.66951871657754,0,104
2020,9315,0,4.26096256684492,0,166
2020,9321,0,135,1686342.34,2587
2020,9331,0,258,2596066.3,2651
2020,9333,0,10.598006644518273,2222.3745847176083,110
2020,9334,0,2.2224824355971897,38379.05419203747,73
2020,9335,0,2.5269320843091334,43636.45887587822,83
2020,9336,0,1.7353629976580798,29967.20669789227,57
2020,9337,0,2.5878220140515222,44687.93981264637,85
2020,9341,0,16.927400468384075,292311.70042154565,556
2020,9342,0,23.28169014084507,0,627
2020,9343,0,6.028831814415907,116844.58517482517,96
2020,9351,0,191,1824385.09,6058
2020,9354,0,227,2860231.69,1230
2020,9355,0,15.186440677966102,179486.28199170122,168
2020,9356,0,70,778268.95,2215
2020,9359,0,0.16106937693327442,0,9
2020,9361,0,2.1475916924436587,132030.41977186312,120
2020,9362,0,2.55921343349536,157336.2502281369,143
2020,9363,0,51.739063190455155,207606.13211862277,2891
2020,9364,0,5.941670349094123,23841.312993214375,332
2020,9365,0,29.58452138492872,285561.45699208445,269
2020,9366,0,12.09775967413442,116772.34300791557,110
2020,9367,0,13.52982766239505,54289.25488816286,756
2020,9409,0,1.9528619528619529,0,120
2020,9461,0,42.84904601571269,0,2633
2020,9463,0,23.69158878504673,0,676
2020,9464,0,2.2429906542056073,0,64
2020,9466,0,6.036167623022083,73871.48394366197,187
2020,9467,0,16.285540344872977,126016.06084507043,319
2020,9468,0,220,846602.82,1750
2020,9469,0,15.846695307980786,131151.51160051217,332
2020,9471,0,345,3909101.3,3614
2020,9472,0,149,1188607.86,1565
2020,9473,0,24,298220.80199999997,213
2020,9474,0,16,198813.868,142
2020,9475,0,5.809859154929577,71698.79323943662,363
2020,9479,0,39,722435.34,261
2020,9481,0,60,526807.08,2071
2020,9482,0,39.790008467400504,396688.3070956816,1068
2020,9483,0,17.230894596930916,142607.5171318822,361
2020,9484,0,1.2690355329949239,0,40
2020,9485,0,1.7449238578680204,0,55
2020,9491,0,30.71502590673575,0,342
2020,9492,0,7.005181347150259,0,78
2020,9493,0,4.209991532599492,41971.70290431837,113
2020,9494,0,27.176223776223775,284837.37977622374,381
2020,9495,0,2.7104895104895106,28408.97751048951,38
2020,9496,0,6.704895104895105,70274.8391048951,94
2020,9497,0,14.408391608391609,151016.1436083916,202
2020,9511,0,7.258136924803592,0,446
2020,9512,0,43,336296.67,291
2020,9591,0,63.71891765803593,716854.5734966177,1307
2020,9601,0,395,955433.62,4701
2020,9602,0,516,33433.04,6200
2020,9603,0,175,1951528.96,1786
2020,9605,0,56,302959.67,402
2020,9606,0,67,843223.73,974
2020,9607,0,34,824571.6,625
2020,9608,0,53.21212121212121,1326445.4745887446,439
2020,9609,0,2.787878787878788,69494.86541125542,23
2020,9611,0,456,2836765.78,4240
2020,9613,0,80,726489.93,1213
2020,9614,0,6.090680100755667,158750.28404145077,78
2020,9615,0,99,2030656.04,859
2020,9616,0,29.656203288490282,304202.0402116402,320
2020,9617,0,174,269692.21,1352
2020,9618,0,5.375186846038864,55136.61978835978,58
2020,9619,0,54,2222626.03,385
2020,9621,0,169,594280.68,1125
2020,9622,0,2.5768261964735517,67163.581709844555,33
2020,9623,0,6.403022670025189,166891.32424870468,82
2020,9624,0,2.594360086767896,52668.420752089136,23
2020,9625,0,37.9002169197397,769416.9292479109,336
2020,9626,0,98,493723.57,752
2020,9627,0,43,671232.91,256
2020,9628,0,239,10670.91,1645
2020,9629,0,25,9823.74,164
2020,9631,0,40.2967032967033,8003.243406593407,193
2020,9632,0,5.637362637362637,1119.6247252747253,27
2020,9633,0,11.065934065934066,2197.781868131868,53
2020,9635,0,76,8790.07,871
2020,9636,0,165,14330.19,1912
2020,9641,0,606,5958932.58,4068
2020,9642,0,765,5842161.35,3937
2020,9644,0,169,1793346.28,769
2020,9645,0,509,4470915.89,2321
2020,9646,0,412,5175319.77,1098
2020,9648,0,584,6326980.45,2720
2020,9649,0,334,9748.46,2339
2020,9651,0,174,9411.47,841
2020,9654,0,24.775280898876407,318495.68359550566,196
2020,9655,0,6.193820224719102,79623.92089887641,49
2020,9656,0,8.21629213483146,105623.56853932585,65
2020,9657,0,5.8146067415730345,74748.98696629214,46
2020,9658,0,21.841772151898734,203612.92509493668,203
2020,9659,0,12.158227848101266,113341.18490506327,113
2020,9661,0,27.301142990436205,307145.0353160719,560
2020,9663,0,117.97993935152789,1327305.3311873106,2420
2020,9665,0,529,4973406.42,4029
2020,9671,0,478,4718997.43,2977
2020,9672,0,72,731435.39,592
2020,9673,0,316,2800785.24,1683
2020,9674,0,375,3025323.19,1489
2020,9675,0,964,8884347.82,3486
2020,9677,0,207,1913719.17,684
2020,9678,0,205,2016062.18,634
2020,9679,0,576,5306939.91,2568
2020,9681,0,228,2225814.02,988
2020,9682,0,195,2448397.71,725
2020,9684,0,216.23188405797097,2431391.147971015,1119
2020,9685,0,33,501927.09,550
2020,9686,0,196,1975760.1,1043
2020,9687,0,23.574879227053135,265084.6470531401,122
2020,9688,0,40.19323671497583,451947.59497584536,208
2020,9696,0,4.227860220201054,48308.332790809,96
2020,9697,0,56.19530876017233,642098.2566778363,1276
2020,9698,0,31.576831019626617,360802.86053135473,717
2020,9711,0,430,5689259.45,7432
2020,9712,0,442,5193375.44,7014
2020,9713,0,308,2604547.61,8893
2020,9714,0,340,2984332.29,3468
2020,9715,0,270,2114126.33,5027
2020,9716,0,151,888231.25,2682
2020,9717,0,333,3192922.11,3832
2020,9718,0,445,5003274.08,5588
2020,9721,0,409,3744471.7,6620
2020,9722,0,358,3495849.94,4586
2020,9723,0,212,1835562.11,4943
2020,9724,0,259,2245619.2,3139
2020,9725,0,258,2533496.91,3749
2020,9726,0,203,1673940.52,2853
2020,9727,0,229,2387602.58,3071
2020,9728,0,332,3855899.03,6361
2020,9731,0,414,3072706.84,3605
2020,9732,0,254,1700802.13,2428
2020,9733,0,156,953451.25,1890
2020,9734,0,158.729792147806,1220091.9368360278,1185
2020,9735,0,15.270207852193995,117375.9331639723,114
2020,9736,0,154,754714.33,3214
2020,9737,0,252,1200709.31,3045
2020,9738,0,29,329481.19,270
2020,9741,0,136,877233.62,4288
2020,9742,0,350,2526622.86,6261
2020,9743,0,169,1483350.86,6581
2020,9744,0,318,2615459.78,2686
2020,9745,0,165,1605916.11,1572
2020,9746,0,432.71260908817334,4715423.855311465,3224
2020,9747,0,13.287390911826662,144797.44468853445,99
2020,9751,0,380,3529962.22,3741
2020,9752,0,251,2966981.74,3428
2020,9753,0,208,1652899.61,2402
2020,9755,0,34,432444.21,306
2020,9756,0,41,659876.08,638
2020,9761,0,175,2157134.98,3368
2020,9765,0,152,1814452.34,1856
2020,9766,0,102,1885510.55,1112
2020,9771,0,57.97830802603037,666993.2320781527,514
2020,9773,0,5.527114967462039,63584.957921847235,49
2020,9774,0,45,568096.28,296
2020,9781,0,647,1034414.9,4304
2020,9784,0,27,1040739.6,111
2020,9785,0,58,39372.28,462
2020,9791,0,318,2039306.72,2186
2020,9792,0,75,856714.26,482
2020,9793,0,6.928716904276986,147906.6525,63
2020,9794,0,5.389002036659878,115038.5075,49
2020,9795,0,40,402067.95,166
2020,9796,0,15.8,201262.8575076923,79
2020,9797,0,49.2,626717.2524923077,246
2020,9798,0,40,541584.28,262
2020,9801,0,289,2637818.82,3677
2020,9804,0,54,568868.47,714
2020,9805,0,12.649874055415617,219345.70046979867,162
2020,9811,0,9.057934508816121,157062.3534228188,116
2020,9812,0,1.561712846347607,27079.716107382552,20
2020,9821,0,65,762594.61,550
2020,9822,0,61,645635.61,721
2020,9824,0,5.031016042780748,0,196
2020,9825,0,1.848128342245989,14781.497819548871,72
2020,9827,0,6.327683615819209,0,70
2020,9828,0,28.38418079096045,335468.4080082988,314
2020,9831,0,101,1065082.57,1043
2020,9832,0,15.384155455904336,239901.17491408935,166
2020,9833,0,11.584454409566517,180648.47508591064,125
2020,9841,0,0.7231638418079096,0,8
2020,9842,0,19.254237288135595,0,213
2020,9843,0,195,2190486.03,1320
2020,9844,0,3.8200934579439254,73723.07307810108,109
2020,9845,0,5.747663551401869,110922.78885145482,164
2020,9851,0,7.9245283018867925,2111.041509433962,280
2020,9852,0,2.773584905660377,738.8645283018867,98
2020,9853,0,7.188679245283018,1915.0162264150945,254
2020,9861,0,45.35614973262032,362762.5923214286,1767
2020,9862,0,26,350821.31,267
2020,9863,0,11.884491978609624,0,463
2020,9864,0,7.418181818181817,59331.28985902256,289
2020,9866,0,13.317757009345794,257016.21807044413,380
2020,9881,0,26.574803149606296,255851.8169291338,150
2020,9882,0,18.4251968503937,177390.59307086613,104
2020,9883,0,49,556231.91,659
2020,9884,0,10.124293785310734,0,112
2020,9891,0,32,289416.47,409
2020,9892,0,20.3551912568306,270082.34224043717,149
2020,9893,0,29.6448087431694,393341.3977595628,217
2020,9901,0,276,1948403.61,2607
2020,9902,0,217,1303252.71,3344
2020,9903,0,135,787732.12,858
2020,9904,0,13.51006711409396,162901.69953020135,61
2020,9905,0,73,651478.12,493
2020,9906,0,33,305431.05,359
2020,9907,0,19.489932885906043,235005.73046979867,88
2020,9908,0,34,0,161
2020,9909,0,100,0,649
2020,9911,0,8.981001727115716,50240.056603773584,100
2020,9912,0,46,702630.74,123
2020,9913,0,5.298791018998273,29641.633396226414,59
2020,9914,0,60,272666.94,237
2020,9915,0,61,804375.45,395
2020,9917,0,75,3590425.21,258
2020,9918,0,69,920875.92,265
2020,9919,0,211,319049.62,1380
2020,9921,0,87,1424816.31,483
2020,9922,0,54,439614.65,200
2020,9923,0,29,1969514.35,103
2020,9924,0,0.16273849607182939,4281.344382022471,10
2020,9925,0,0.11391694725028059,2996.94106741573,7
2020,9931,0,65,0,895
2020,9932,0,182,0,1934
2020,9933,0,133,0,2423
2020,9934,0,294,2086460.53,3303
2020,9936,0,95,620700.55,1186
2020,9937,0,56,498920.67,281
2020,9939,0,33,9327.33,139
2020,9942,0,8.72,82965.12240000001,58
2020,9943,0,37,387573.21,169
2020,9944,0,100.28,954098.9076,667
2020,9945,0,181,1403268.65,908
2020,9946,0,57,620087.23,465
2020,9947,0,15.637860082304528,378878.98765432095,200
2020,9948,0,16.02880658436214,388350.962345679,205
2020,9949,0,6.333333333333333,153445.99,81
2020,9951,0,394,329166.14,3518
2020,9953,0,90,2507682.54,986
2020,9954,0,7.6158940397351,691071.0201324504,46
2020,9955,0,17.3841059602649,1577444.7198675498,105
2020,9956,0,18.55267175572519,222864.6207022901,248
2020,9957,0,1.9450381679389313,23364.839267175572,26
2020,9959,0,68,1107543.74,297
2020,9961,0,10.380794701986755,392268.0294701987,95
2020,9962,0,5.900662251655629,222973.40622516556,54
2020,9963,0,16.718543046357617,631757.9843046358,153
2020,9964,0,28,452475.43,395
2020,9965,0,50,1018842.54,919
2020,9966,0,15.899999999999999,130476.513,90
2020,9967,0,55,469274.15,744
2020,9968,0,17.8793893129771,214776.7917251908,239
2020,9969,0,10.622900763358778,127607.9683053435,142
2020,9971,0,108,348660,733
2020,9972,0,6.359999999999999,52190.6052,36
2020,9973,0,21.023333333333333,172518.94496666666,119
2020,9974,0,114,55444.47,664
2020,9975,0,8.042821158690176,108600.6750285714,103
2020,9976,0,38.65239294710328,521915.8654285714,495
2020,9977,0,66,594597.45,675
2020,9978,0,9.624668176305455,302432.02447897266,102
2020,9979,0,1.8075563411400797,277775.1802181818,101
2020,9981,0,249,632717.54,3029
2020,9982,0,222,2104056.23,1559
2020,9983,0,66,793099.28,529
2020,9984,0,2.1296950950066282,327279.6677818182,119
2020,9985,0,10.700979525703344,461998.7176666667,55
2020,9986,0,0.9601571268237935,25259.93185393258,59
2020,9988,0,88,599692.69,712
2020,9989,0,109,39430.93,1198
2020,9991,0,180,841951.12,1245
2020,9992,0,19.461538461538463,1137239.8547692308,69
2020,9993,0,15.794871794871794,922977.2734358974,56
2020,9994,0,9.025641025641026,527415.5848205128,32
2020,9995,0,53,1697311.59,328
2020,9996,0,10.717948717948717,626306.006974359,38
2020,9997,0,46,3691112.55,282
2020,9998,0,20.19672131147541,812063.7809016394,77
2020,9999,0,11.80327868852459,474582.7290983607,45
2021,8433,37,0,0,1620
2021,8922,5.601146131805158,0,0,2172
2021,9131,1.1037249283667623,0,0,428
2021,9133,2.6,9,54983.2,980
2021,9137,1.0779369627507165,0,0,418
2021,9142,0.43065902578796567,0,0,167
2021,9163,3.2209169054441267,0,0,1249
2021,9164,2.5787965616045847,0,0,1000
2021,9166,4.007449856733525,0,0,1554
2021,9204,5.900742025633613,0,0,3827
2021,9207,4.509973980919341,0,0,2925
2021,9216,1.2334971571745206,0,0,800
2021,9218,1.1486942276187724,0,0,745
2021,9221,0.9929652115254891,0,0,644
2021,9231,5.189939288811796,0,0,3366
2021,9243,1.4447335453406571,0,0,937
2021,9249,0.6090392213549195,0,0,395
2021,9269,4.675358166189112,0,0,1813
2021,9283,0.827984966753397,0,0,537
2021,9284,0.8541967813433555,0,0,554
2021,9285,4.576274453117471,0,0,2968
2021,9288,1.822492049725354,0,0,1182
2021,9291,36.97900344719524,16.640551551237856,101661.19711689126,2950
2021,9292,0.04163052905464007,0,0,27
2021,9293,3.020996552804763,1.3594484487621434,8305.202883108743,241
2021,9294,0.593620506890238,0,0,385
2021,9295,0.7040114613180516,0,0,273
2021,9296,0.19735954514792328,0,0,128
2021,9298,2.056856509588513,0,0,1334
2021,9301,882,516,3750467,6448
2021,9302,285,157,1032410,1386
2021,9304,29,11.75,101287.75,117
2021,9305,14.700000000000001,14.100000000000001,121545.3,150
2021,9306,5.096,4.888,42135.704,52
2021,9307,16.954,16.262,140182.24599999998,173
2021,9311,114,79,754346,732
2021,9312,130,83,594523,512
2021,9313,12.25,24,267335,75
2021,9314,42,39,357583,104
2021,9315,0,24,267335,166
2021,9321,590,432,4524442,2587
2021,9322,8.75,0,0,0
2021,9323,8.75,0,0,0
2021,9331,243,210,1441258,2651
2021,9333,26,9.4,125746.4,110
2021,9334,6.283544303797468,8.686075949367089,116196.04050632911,73
2021,9335,2.432758620689655,0,0,83
2021,9336,1.6706896551724135,0,0,57
2021,9337,7.3164556962025316,10.113924050632912,135296.75949367086,85
2021,9341,16.29655172413793,0,0,556
2021,9342,39.024896265560166,16.303734439834027,218099.5651452282,627
2021,9343,5.975103734439834,2.496265560165975,33393.234854771785,96
2021,9351,991,571,4352737,6058
2021,9354,186,184,1458826,1230
2021,9355,59,31,512447,168
2021,9356,421,249,1737069,2215
2021,9357,0,10.25,91255.75,0
2021,9359,2.4651162790697674,2.186046511627907,20756.13953488372,9
2021,9361,32.86821705426357,29.147286821705425,276748.52713178296,120
2021,9362,0,15.666666666666666,148752.33333333334,143
2021,9363,180.66666666666666,0,0,2891
2021,9364,64,43,314910,332
2021,9365,70,57,467144,269
2021,9366,27.5,0,0,110
2021,9367,27.5,53,442828,756
2021,9401,10.797669278681937,0,0,5374
2021,9402,10.102471368294154,0,0,5028
2021,9403,41,0,0,6819
2021,9404,9.09985935302391,0,0,4529
2021,9405,6.719285964298215,0,0,2844
2021,9406,12.921158557927896,0,0,5469
2021,9407,7.359555477773889,0,0,3115
2021,9408,27,0,0,3536
2021,9409,9.931034482758621,0,0,120
2021,9414,145.61259574629844,0,0,950
2021,9421,3.371258054093095,0,0,1516
2021,9422,5.461615950430502,0,0,2456
2021,9443,0.676030638815502,0,0,304
2021,9447,0.1267557447779066,0,0,57
2021,9449,2.125938456275065,0,0,956
2021,9451,4.552087887024119,0,0,2047
2021,9461,40.036672629695886,0,0,2633
2021,9462,2.588485735464619,0,0,1164
2021,9463,10.279069767441861,0,0,676
2021,9464,2.363636363636364,10.25,91255.75,64
2021,9465,0.25795905954802045,0,0,116
2021,9466,15.891304347826086,4.857142857142857,41470.180124223596,187
2021,9467,27.108695652173914,8.285714285714286,70743.24844720497,319
2021,9468,215.36363636363637,126,938183,1750
2021,9469,40,63,469091.5,332
2021,9471,512,397,3259306,3614
2021,9472,257,157,1059983,1565
2021,9473,38,22,216863.5,213
2021,9474,11.333333333333334,22,216863.5,142
2021,9475,31.5,29,428791,363
2021,9479,57,44,509197,261
2021,9481,351,179,1306723,2071
2021,9482,132,82,769326,1068
2021,9483,16.224719101123597,17.769930444087745,151719.27982878542,361
2021,9484,1.797752808988764,1.9689673622257893,16811.000535045478,40
2021,9485,2.4719101123595504,2.7073301230604603,23115.125735687532,55
2021,9486,2.0689655172413794,0,0,25
2021,9488,0.684257602862254,0,0,45
2021,9491,17,6.571428571428571,56106.71428571428,342
2021,9492,3.5056179775280896,3.839486356340289,32781.45104333868,78
2021,9493,31.5,18.666666666666668,200674.66666666663,113
2021,9494,117,100,1054335,381
2021,9495,10.651515151515152,10.74747474747475,115539.95959595958,38
2021,9496,26.34848484848485,26.58585858585859,285809.3737373737,94
2021,9497,54,39,429523,202
2021,9501,15.666666666666666,28.5,134538,5396
2021,9502,19.010891541120458,0,0,3101
2021,9503,12.322441792212874,0,0,2010
2021,9511,15.904903417533433,0,0,446
2021,9512,16,28.5,134538,291
2021,9514,2.36377735653972,0,0,946
2021,9515,0.7596070997759777,0,0,304
2021,9521,5.881957608133723,0,0,2354
2021,9523,0.5946924004825089,0,0,238
2021,9524,0.45226606927451307,0,0,181
2021,9528,0.8870411855936583,0,0,355
2021,9531,7.691021885231775,0,0,3078
2021,9533,1.06444942271239,0,0,426
2021,9541,6.003548895899053,0,0,2030
2021,9545,1.1415615141955835,0,0,386
2021,9551,3.7026813880126177,0,0,1252
2021,9561,14.103903785488956,0,0,4769
2021,9566,0.822160883280757,0,0,278
2021,9573,0.37480613475788377,0,0,150
2021,9581,8.930380837497843,0,0,3574
2021,9585,0.36080441640378547,0,0,122
2021,9591,3.8653391167192424,0,0,1307
2021,9601,528,430,2721680,4701
2021,9602,744,601,3599107,6200
2021,9603,250,182,1295303,1786
2021,9605,62,65,704680,402
2021,9606,139,110,1076183,974
2021,9607,76,71,521325,625
2021,9608,68.41558441558442,62.714285714285715,529294.3181818181,439
2021,9609,3.5844155844155843,3.2857142857142856,27730.68181818182,23
2021,9611,572,516,3444321,4240
2021,9613,156,96,768064,1213
2021,9614,0,117,716683.5,78
2021,9615,150.5,240,1402450,859
2021,9616,28,37,279111,320
2021,9617,143.5,117,716683.5,1352
2021,9618,12.530864197530864,11.45679012345679,94909.48148148147,58
2021,9619,93,94,600928,385
2021,9621,137,135,918788,1125
2021,9622,0,4.591304347826087,38034.93913043478,33
2021,9623,0,11.408695652173913,94511.06086956522,82
2021,9624,4.969135802469135,4.54320987654321,37636.51851851852,23
2021,9625,42,33,346819,336
2021,9626,121,101,633046,752
2021,9627,50,56,583875,256
2021,9628,243,265,1973786,1645
2021,9629,26,33,346819,164
2021,9631,32.520146520146525,40.2967032967033,503949.8644688644,193
2021,9632,4.549450549450549,5.637362637362637,70500.75824175823,27
2021,9633,8.93040293040293,11.065934065934066,138390.37728937727,53
2021,9635,95,107,906643,871
2021,9636,285,232,1895045,1912
2021,9641,436,414,3437970,4068
2021,9642,585,563,3214423,3937
2021,9644,129,143,1178189,769
2021,9645,228,256,1879193,2321
2021,9646,192,226,1773994,1098
2021,9648,413,445,3542854,2720
2021,9649,377,350,2428210,2339
2021,9651,134,159,1405075,841
2021,9654,35,13.333333333333334,107132.66666666669,196
2021,9655,9.742690058479532,11.461988304093568,92096.50292397663,49
2021,9656,12.923976608187136,15.2046783625731,122168.83040935674,65
2021,9657,16.5,0,0,46
2021,9658,39,10.25,91255.75,203
2021,9659,16.5,10.25,91255.75,113
2021,9661,26,17,90264,560
2021,9663,169,17,90264,2420
2021,9665,395,273,1934018,4029
2021,9671,379,384,3099874,2977
2021,9672,92,42,350490,592
2021,9673,180,180,1084986,1683
2021,9674,198,233,1379745,1489
2021,9675,457,504,3320638,3486
2021,9677,95,123,955282,684
2021,9678,112,123,944412,634
2021,9679,418,401,3557836,2568
2021,9681,192,197,1767160,988
2021,9682,115,137,1298227,725
2021,9684,146,173,1429627,1119
2021,9685,38,0,0,550
2021,9686,103,110,774226,1043
2021,9687,12.477272727272728,0,0,122
2021,9688,21.272727272727273,0,0,208
2021,9691,2.25,0,0,22
2021,9693,28.67161961367013,0,0,804
2021,9695,29,0,0,1573
2021,9696,3.4234769687964337,0,0,96
2021,9697,86,0,0,1276
2021,9698,18,38,287343,717
2021,9699,18,0,0,498
2021,9711,657,461,5846317,7432
2021,9712,763,573,6876394,7014
2021,9713,622,414,3030045,8893
2021,9714,579,416,3389758,3468
2021,9715,547,416,3374665,5027
2021,9716,109,85,830757,2682
2021,9717,652,487,4600178,3832
2021,9718,613,502,5742976,5588
2021,9721,878,624,6097754,6620
2021,9722,847,602,5533556,4586
2021,9723,426,303,2607055,4943
2021,9724,387,302,2815403,3139
2021,9725,500,398,3304213,3749
2021,9726,325,271,2519066,2853
2021,9727,432,299,2873008,3071
2021,9728,571,400,3887569,6361
2021,9731,908,767,5230044,3605
2021,9732,434,324,1955028,2428
2021,9733,291,223,1397234,1890
2021,9734,272,215,1581335,1185
2021,9735,39,22.5,175761.5,114
2021,9736,282,197,1042736,3214
2021,9737,526,443,2254032,3045
2021,9738,31,22.5,175761.5,270
2021,9741,570,163,1147331,4288
2021,9742,403,337,2421795,6261
2021,9743,427,283,2399800,6581
2021,9744,581,459,3765637,2686
2021,9745,270,169,1434297,1572
2021,9746,530.7035811014143,0.9702076436954559,492.86548299729156,3224
2021,9747,16.296418898585614,0.029792356304544087,15.134517002708396,99
2021,9749,22.5,9.333333333333334,117957,185
2021,9751,620,450,4682061,3741
2021,9752,467,359,3968907,3428
2021,9753,466,364,2726907,2402
2021,9755,48,52,624505,306
2021,9756,146,105,1384847,638
2021,9761,722,532,5619424,3368
2021,9765,409,296,3135058,1856
2021,9766,200,161,2192859,1112
2021,9771,66,47,377825,514
2021,9773,6.017543859649123,6.447368421052632,68606.44736842105,49
2021,9774,36.35087719298246,38.94736842105263,414438.94736842107,296
2021,9781,745,594,4282121,4304
2021,9784,13.631578947368421,14.605263157894738,155414.6052631579,111
2021,9785,82,67,460709,462
2021,9791,434,307,1784992,2186
2021,9792,69,64,428195,482
2021,9793,13.523560209424085,14.842931937172775,146143.83769633507,63
2021,9794,10.518324607329843,11.544502617801047,113667.42931937173,49
2021,9795,56,56,541524,166
2021,9796,16.958115183246072,18.612565445026178,183259.7329842932,79
2021,9797,30,44,517328,246
2021,9798,32,36,223485,262
2021,9801,724,529,4933227,3677
2021,9804,155,143,1428368,714
2021,9805,35,29,228352,162
2021,9811,45.205882352941174,29,276004.9411764706,116
2021,9812,7.794117647058823,5,47587.05882352941,20
2021,9821,143,123,1340012,550
2021,9822,168,114,1100615,721
2021,9824,30,0,0,196
2021,9825,16.225352112676056,9.464788732394366,119618.3661971831,72
2021,9827,15.774647887323944,9.201877934272302,116295.6338028169,70
2021,9828,106,51,540041,314
2021,9831,223,178,1733490,1043
2021,9832,32,29,429154,166
2021,9833,40,40,611854,125
2021,9841,1.411764705882353,1.689291101055807,14378.2322775264,8
2021,9842,37.588235294117645,44.977375565610856,382820.43438914034,213
2021,9843,246,217,1838182,1320
2021,9844,18.765567765567766,11.57875457875458,76158.65934065935,109
2021,9845,28.234432234432234,17.42124542124542,114587.34065934065,164
2021,9851,48,9,54983.2,280
2021,9852,10,9,54983.2,98
2021,9853,50,37,252732,254
2021,9861,251,96,545957,1767
2021,9862,85,67,536810,267
2021,9863,100,45,265951,463
2021,9864,64,0,0,289
2021,9865,48,16.4,108104,1089
2021,9866,75,16.4,108104,380
2021,9871,10.37037037037037,17.007407407407406,112107.85185185184,84
2021,9872,9.62962962962963,15.792592592592591,104100.14814814815,78
2021,9873,38,16.4,108104,389
2021,9881,28.346456692913385,30.11811023622047,242513.38582677164,150
2021,9882,19.653543307086615,20.881889763779526,168142.61417322836,104
2021,9883,130,101,1062285,659
2021,9884,34,23.333333333333332,198599.33333333337,112
2021,9885,10.719887955182074,0,0,89
2021,9886,14.333333333333334,10,100409,57
2021,9891,54,42,332602,409
2021,9892,17.946778711484594,0,0,149
2021,9893,34,0,0,217
2021,9901,360,260,1815572,2607
2021,9902,256,223,1493373,3344
2021,9903,153,116,669784,858
2021,9904,14.333333333333334,15.5,184898,61
2021,9905,77,82,470575,493
2021,9906,54,52,427074,359
2021,9907,10.131191432396252,15.550200803212851,124724.6265060241,88
2021,9908,18.535475234270418,28.44979919678715,228189.37349397593,161
2021,9909,86,83,437694,649
2021,9911,17.5,15.5,184898,100
2021,9912,30,22.5,156826.5,123
2021,9913,17.5,22.5,156826.5,59
2021,9914,45,50,388232,237
2021,9915,55,44,321269,395
2021,9917,88,75,477406,258
2021,9918,97,67,396121,265
2021,9919,238,232,1421076,1380
2021,9921,119,98,638412,483
2021,9922,37,43,373068,200
2021,9923,28,33,134199,103
2021,9924,1.0196078431372548,1.5999999999999999,15150.4,10
2021,9925,4.333333333333333,0,0,7
2021,9931,53,56,395832,895
2021,9932,280,197,1146260,1934
2021,9933,186,117,688137,2423
2021,9934,401,287,1661607,3303
2021,9936,134,100,549522,1186
2021,9937,71,76,497994,281
2021,9939,43,45,478115,139
2021,9942,8.176211453744493,10.220264317180616,123610.51982378853,58
2021,9943,23.823788546255507,29.779735682819386,360175.48017621145,169
2021,9944,126,109,814045,667
2021,9945,145,159,993147,908
2021,9946,63,51,363625,465
2021,9947,32,15.333333333333334,113311.66666666669,200
2021,9948,20.06993006993007,21.98135198135198,162439.80186480188,205
2021,9949,7.93006993006993,8.685314685314687,64183.53146853148,81
2021,9951,419,337,2318943,3518
2021,9953,107,82,525474,986
2021,9954,8.38135593220339,6.549152542372882,72902.3593220339,46
2021,9955,19.131355932203387,14.949152542372882,166407.55932203386,105
2021,9956,10.75,26,182167,248
2021,9957,4.737288135593221,3.701694915254238,41205.6813559322,26
2021,9959,71,38,286714,297
2021,9961,12.897350993377483,9.437086092715232,94756.83774834438,95
2021,9962,7.331125827814569,5.364238410596027,53861.78145695364,54
2021,9963,20.77152317880795,15.198675496688743,152608.380794702,153
2021,9964,42,37,357332,395
2021,9965,115,92,681241,919
2021,9966,12.333333333333334,0,0,90
2021,9967,87,65,465940,744
2021,9968,23.83727034120735,10.538582677165355,117310.98582677166,239
2021,9969,14.162729658792651,6.261417322834646,69699.41417322835,142
2021,9971,107,95,690570,733
2021,9972,5.7290322580645165,8.129032258064516,78519.01935483872,36
2021,9973,18.93763440860215,26.870967741935484,259548.98064516127,119
2021,9974,100,87,559498,664
2021,9975,8.092857142857142,5.297142857142857,35166.701428571425,103
2021,9976,38.892857142857146,25.45714285714286,169005.02142857143,495
2021,9977,73,67,539208,675
2021,9978,8.014285714285714,5.2457142857142856,34825.27714285714,102
2021,9979,9.09,9.916363636363636,103275.62181818181,101
2021,9981,288,262,1911978,3029
2021,9982,214,204,1474835,1559
2021,9983,55,66,483457,529
2021,9984,10.71,11.683636363636364,121681.17818181819,119
2021,9985,4.95,5.4,56239.200000000004,55
2021,9986,4.333333333333333,19.5,141402,59
2021,9987,8.25,19.5,141402,121
2021,9988,80,86,661957,712
2021,9989,158,114,856232,1198
2021,9991,162,167,1332044,1245
2021,9992,9.936,18.216,147704.16,69
2021,9993,8.064,14.784,119875.84,56
2021,9994,9,6.8,64389.2,32
2021,9995,50,44,262478,328
2021,9996,3.8745098039215686,6.08,57571.52,38
2021,9997,57,53,379166,282
2021,9998,7.850980392156862,12.32,116658.08,77
2021,9999,4.588235294117647,7.2,68176.8,45
2022,1043,0,521.5,2713300,3110
2022,1183,7.578704273925359,0,0,7620
2022,1378,0,689,3381265.5,0
2022,1676,0,838,4128997.5,543
2022,6471,3.424341051853676,0,0,3443
2022,7741,5.182759576302499,0,0,5211
2022,7742,3.0682811922650566,0,0,3085
2022,7824,4.76404113807119,0,0,4790
2022,7831,1.5535349180933609,0,0,1562
2022,7881,3.7644876216282785,0,0,3785
2022,7885,0.9339111959600934,0,0,939
2022,8412,0.7293170249943021,0,0,350
2022,8426,10.489084895259095,0,0,2973
2022,8427,0.6103638368246967,0,0,173
2022,8431,20.00088202866593,0,0,5669
2022,8432,0.8996692392502756,0,0,255
2022,8433,8,15,77136.66666666667,1620
2022,8456,1.1710747658479936,0,0,562
2022,8574,1.1981636839192102,0,0,575
2022,9131,3.9826302729528535,0,0,428
2022,9132,2.01394344069128,6.444619010212097,31039.816967792616,293
2022,9133,6.73605655930872,21.555380989787903,103819.1830322074,980
2022,9134,1.6284119106699753,0,0,175
2022,9135,1.0421836228287842,0,0,112
2022,9137,3.889578163771712,0,0,418
2022,9145,6.4019851116625315,0,0,688
2022,9164,9.305210918114144,0,0,1000
2022,9166,34,0,0,1554
2022,9201,10.397977013490191,0,0,4990
2022,9222,1.0856404857772324,0,0,521
2022,9231,16.666666666666668,0,0,3366
2022,9243,2.2857142857142856,65.5,313071,937
2022,9248,0.6751391888518681,0,0,324
2022,9261,1.5273982266309238,0,0,733
2022,9269,3.7778621894704845,0,0,1813
2022,9283,16.40696608615949,13.781851512373969,69440.18698441796,537
2022,9284,16.926367247173847,14.218148487626031,71638.4796822487,554
2022,9285,2.2857142857142856,14,70539.33333333333,2968
2022,9286,1.05230027892035,0,0,505
2022,9287,1.7045180755581115,0,0,818
2022,9288,2.4630077815521854,0,0,1182
2022,9289,1.6461727135585673,0,0,790
2022,9291,37.15989250923749,42.610010077258984,209215.14947934164,2950
2022,9292,0.34010749076251257,0.3899899227410144,1914.8505206583807,27
2022,9293,92,82,401353,241
2022,9294,8.398778359511343,0,0,385
2022,9298,29.101221640488657,0,0,1334
2022,9301,1583,838,4128997.5,6448
2022,9302,423,495,2436725,1386
2022,9304,18,41,188370,117
2022,9305,38,29,142695.33333333334,150
2022,9306,6.933333333333333,13.404444444444444,65956.95407407408,52
2022,9307,23.066666666666666,44.595555555555556,219433.7125925926,173
2022,9311,155,185,946446,732
2022,9312,128.21805792163545,165.72402044293017,780691.8432708689,512
2022,9313,18.781942078364565,24.275979557069846,114359.15672913117,75
2022,9314,24.657004830917874,30.067632850241544,147703.1111111111,104
2022,9315,21.754985754985753,25.065527065527064,134646.8091168091,166
2022,9321,613.3429951690822,747.9323671497585,3674114.888888889,2587
2022,9331,191,415,1942769,2651
2022,9333,18,21,213093.5,110
2022,9334,191,15,77136.66666666667,73
2022,9335,10.75,15,77136.66666666667,83
2022,9336,2.633595988538682,1.3649201801064266,8024.785714285716,57
2022,9337,3.9272922636103154,2.0354072861236188,11966.785714285716,85
2022,9341,25.689111747851,13.31395824805567,78276.85714285714,556
2022,9342,36.42323651452282,9.663307646710136,56813.558980438655,627
2022,9343,5.576763485477178,1.4795494961470064,8698.726733847066,96
2022,9351,1173,689,3381265.5,6058
2022,9354,158,231,1098211,1230
2022,9355,41.64705882352941,52.94117647058824,278341.4117647059,168
2022,9356,518,606,2950815,2215
2022,9359,2.2325581395348837,3.2093023255813953,14840.581395348838,9
2022,9361,29.767441860465116,42.7906976744186,197874.41860465115,120
2022,9362,41,48,238190,143
2022,9363,425,162.5,815624,2891
2022,9364,134,65.5,313071,332
2022,9365,75,88,446070,269
2022,9366,26,35,166713,110
2022,9367,28,162.5,815624,756
2022,9401,10.672388838399138,0,0,5374
2022,9402,9.833333333333334,11.333333333333334,54324,5028
2022,9403,20.5622508432996,7.667279975467648,37297.59961157109,6819
2022,9404,8.99427782826753,0,0,4529
2022,9405,8.575896964121435,3.1977920883164677,15555.708065010733,2844
2022,9406,10.604084158415843,4.963613861386139,24145.574834983498,5469
2022,9407,6.039810231023102,2.827145214521452,13752.690731573157,3115
2022,9408,6.856105610561056,3.209240924092409,15611.40110011001,3536
2022,9409,0.3618521925789635,0.1349279362158847,656.358990084841,120
2022,9421,7.39896157840083,0,0,1516
2022,9422,11.986708203530632,0,0,2456
2022,9423,4.114330218068536,0,0,843
2022,9444,3.6315368196371396,0,0,349
2022,9451,21.30016008537887,0,0,2047
2022,9458,0.6555496264674493,0,0,63
2022,9461,12.930265941372017,24.666968872771232,115680.92263523724,2633
2022,9462,12.11205976520811,0,0,1164
2022,9463,3.3197340586279847,6.333031127228771,29700.07736476277,676
2022,9464,33,0,0,64
2022,9465,1.2070437566702241,0,0,116
2022,9466,97,68,340662,187
2022,9467,69,70,331950,319
2022,9468,519,540,2633589,1750
2022,9469,73,82,399524,332
2022,9471,685,736,3545548,3614
2022,9472,306,369,1775498,1565
2022,9473,26.4,36,170490.6,213
2022,9474,17.6,24,113660.40000000001,142
2022,9475,33,29,150754,363
2022,9479,45,55,257736,261
2022,9481,656,740,3659979,2071
2022,9482,289,304,1486689,1068
2022,9483,84,30.333333333333332,153567,361
2022,9484,12.210526315789473,25.543859649122805,129319.57894736841,40
2022,9485,16.789473684210527,35.12280701754386,177814.42105263157,55
2022,9486,5.330882352941177,0,0,25
2022,9487,9.169117647058822,0,0,43
2022,9488,5.304878048780488,8.292682926829269,39749.26829268293,45
2022,9491,135,136,668102,342
2022,9492,9.195121951219512,14.3739837398374,68898.73170731707,78
2022,9493,20.3582995951417,29.279352226720647,151070.70647773278,113
2022,9494,68.6417004048583,98.72064777327935,509362.2935222672,381
2022,9495,12.474747474747476,13.242424242424244,64267.50000000001,38
2022,9496,30.85858585858586,32.75757575757576,158977.5,94
2022,9497,21.666666666666668,63,308924,202
2022,9501,6.75,0,0,5396
2022,9502,8.190862844844453,64.71792865062284,314951.8222135264,3101
2022,9503,5.309137155155547,41.94873801604383,204144.84445314034,2010
2022,9511,11.100444444444445,0,0,446
2022,9512,9.333333333333334,23.5,104978,291
2022,9514,9.843649946638207,0,0,946
2022,9515,7.566222222222223,0,0,304
2022,9521,2.341242763887178,0,0,2354
2022,9525,0.11039844808473948,0,0,111
2022,9528,0.3530761177484911,0,0,355
2022,9531,3.0613191279714242,0,0,3078
2022,9541,2.0189986451533435,0,0,2030
2022,9561,4.743154945190293,0,0,4769
2022,9566,0.2764934105185367,0,0,278
2022,9571,1.0761362236728658,0,0,1082
2022,9573,0.1491870920064047,0,0,150
2022,9581,3.554631112205936,0,0,3574
2022,9591,6.75,77.5,380597.5,1307
2022,9601,460,392,1973000,4701
2022,9602,642,548,2394462,6200
2022,9603,210,189,904147,1786
2022,9605,36,38,219238,402
2022,9606,108,92,470594,974
2022,9607,87,59,222891,625
2022,9608,57.01298701298701,48.46103896103896,277480.30735930736,439
2022,9609,2.987012987012987,2.538961038961039,14537.692640692641,23
2022,9611,489,439,2719240,4240
2022,9613,369.2556158017041,278.1161890007746,1461827.5476374903,1213
2022,9614,23.744384198295894,17.883810999225407,94000.45236250968,78
2022,9615,109,84,513541,859
2022,9616,24,92,651598.5,320
2022,9617,207,92,651598.5,1352
2022,9618,24,12,87713.33333333333,58
2022,9619,62,43,275640,385
2022,9621,149,120,1030832,1125
2022,9622,5.145762711864407,3.6915254237288133,118004.30847457628,33
2022,9623,20.304761904761904,18.742857142857144,136999.87301587302,82
2022,9624,5.695238095238095,5.257142857142857,38426.79365079365,23
2022,9625,48,39,338670,336
2022,9626,99,95,683591,752
2022,9627,40,40,385457,256
2022,9628,267,209,1062310,1645
2022,9629,38,25,140434.5,164
2022,9631,214,13,56034.5,193
2022,9632,0,13,56034.5,27
2022,9633,4.896739130434782,5.317725752508361,20720.76212374582,53
2022,9635,65,64,479947,871
2022,9636,200,183,976280,1912
2022,9641,361,477,2221239,4068
2022,9642,214,634,2917902,3937
2022,9644,103,137,619275,769
2022,9645,183,217,896355,2321
2022,9646,113,127,562012,1098
2022,9648,283,410,1935142,2720
2022,9649,216.10326086956522,234.68227424749165,914450.2378762541,2339
2022,9651,82,89,317748,841
2022,9654,23,42,197751,196
2022,9655,9.1875,3.3687500000000004,16387.33541666667,49
2022,9656,12.1875,4.46875,21738.302083333332,65
2022,9657,8.625,3.1624999999999996,15384.029166666665,46
2022,9658,33,74,345794,203
2022,9659,23,23.5,104978,113
2022,9661,82.5,0,0,560
2022,9663,82.5,53.333333333333336,259548.33333333337,2420
2022,9665,334,535,2560231,4029
2022,9671,260,315,1414883,2977
2022,9672,64,60,283438,592
2022,9673,120,92.5,444425.5,1683
2022,9674,118,216,984231,1489
2022,9675,324,508,2322143,3486
2022,9677,47,79,370876,684
2022,9678,59,88,400409,634
2022,9679,168,244,1007101,2568
2022,9681,102,148,707571,988
2022,9682,42,91,431248,725
2022,9684,80.95252449133383,74.76865109269028,346416.0904295403,1119
2022,9685,41,39,213569,550
2022,9686,64,39,208607,1043
2022,9687,9,44.333333333333336,205404,122
2022,9688,15.047475508666164,13.898015573976387,64391.909570459684,208
2022,9691,9,0,0,22
2022,9693,9,39,208607,804
2022,9695,14.333333333333334,0,0,1573
2022,9696,14.333333333333334,39,208607,96
2022,9697,14.333333333333334,92.5,444425.5,1276
2022,9698,2.55,42,311464,717
2022,9699,0.4953011454612635,0,0,498
2022,9711,493,509,4555232,7432
2022,9712,520,596,4651013,7014
2022,9713,752,743,4210003,8893
2022,9714,514,560,3920734,3468
2022,9715,436,476,3425784,5027
2022,9716,128,73,467678,2682
2022,9717,439,508,3285972,3832
2022,9718,525,540,4423947,5588
2022,9721,1041,521.5,2713300,6620
2022,9722,768,758,4536505,4586
2022,9723,369,365,1793030,4943
2022,9724,374,364,2495377,3139
2022,9725,605,561,3846259,3749
2022,9726,362,338,2256774,2853
2022,9727,446,444,2397773,3071
2022,9728,754,731,3673165,6361
2022,9731,581.607959128798,622.3205162678139,3552799.7163215918,3605
2022,9732,308,404,2049644,2428
2022,9733,184,230,1117433,1890
2022,9734,201,211,1270452,1185
2022,9735,318.3920408712019,155.17948373218607,789091.7836784081,114
2022,9736,279,135.5,676742.5,3214
2022,9737,430,226.5,1087779.5,3045
2022,9738,78,299.5,1555457.5,270
2022,9741,264,281,1555986,4288
2022,9742,405,386,1857083,6261
2022,9743,405,430,1982741,6581
2022,9744,607,557,2661139,2686
2022,9745,255,234,1261176,1572
2022,9746,384.2022269034005,401.66596448991874,1865227.105627445,3224
2022,9747,11.797773096599458,12.334035510081252,57275.89437255492,99
2022,9749,24.245014245014247,27.934472934472936,150058.1908831909,185
2022,9751,628,650,3515286,3741
2022,9752,408,439,2593856,3428
2022,9753,356,421,1999669,2402
2022,9755,48,46,224915,306
2022,9756,134,151,806529,638
2022,9761,630,801,3986215,3368
2022,9765,332,417,2099460,1856
2022,9766,231,233,1311644,1112
2022,9771,73.0373001776199,53.56068679692125,328466.998223801,514
2022,9773,6.962699822380106,5.105979869745411,31313.001776198933,49
2022,9774,31,29.333333333333332,179890,296
2022,9781,765.2638731596829,658.0294450736127,3883336.886070215,4304
2022,9784,19.7361268403171,16.970554926387315,100151.11392978483,111
2022,9785,59,84,503140,462
2022,9791,406,353,1843587,2186
2022,9792,33.666666666666664,74,458982,482
2022,9793,32,15,97217,63
2022,9794,25.776041666666664,11.484375,74431.765625,49
2022,9795,41,37,191592,166
2022,9796,41.557291666666664,18.515625,120002.234375,79
2022,9797,43,36,269829,246
2022,9798,40.85423728813559,29.308474576271188,936882.6915254237,262
2022,9801,706,828,4093680,3677
2022,9804,137,156,818003,714
2022,9805,34,38,187767,162
2022,9811,26.441176470588236,34.970588235294116,177449.29411764705,116
2022,9812,4.5588235294117645,6.029411764705882,30594.70588235294,20
2022,9821,119,159,789446,550
2022,9822,164,197,939704,721
2022,9824,82,78,368121,196
2022,9825,31,32,155060,72
2022,9827,17.35294117647059,22.058823529411764,115975.58823529413,70
2022,9828,63,92,473424,314
2022,9831,209,118,713089.5,1043
2022,9832,27,28,192146,166
2022,9833,16,118,713089.5,125
2022,9841,1.4479638009049776,1.918552036199095,8602.244343891403,8
2022,9842,38.55203619909502,51.081447963800905,229034.7556561086,213
2022,9843,204,274,1248010,1320
2022,9844,17,26,117844,109
2022,9845,61,63,303670,164
2022,9851,116,124,612905,280
2022,9852,19.21022727272727,25.33522727272727,119838.13068181818,98
2022,9853,49.78977272727273,65.66477272727272,310600.8693181818,254
2022,9861,509,517,2537191,1767
2022,9862,50,73,342179,267
2022,9863,179,206,1011151,463
2022,9864,122,72,355664.5,289
2022,9865,64,72,355664.5,1089
2022,9866,123,142,702930,380
2022,9871,29,27,132846,84
2022,9872,46,43,213666,78
2022,9873,153,156,780225,389
2022,9881,21.338912133891213,22.594142259414227,102534.10041841003,150
2022,9882,13.962962962962962,21.666666666666664,86173.62962962962,104
2022,9883,122,141,866008,659
2022,9884,15.037037037037036,23.333333333333332,92802.37037037036,112
2022,9885,12.661087866108785,13.405857740585773,60836.899581589954,89
2022,9886,6.686695278969957,5.74892703862661,40751.942060085836,57
2022,9891,47.97997138769671,41.25107296137339,292413.0579399142,409
2022,9892,16,23.5,157343.5,149
2022,9893,27.333333333333332,23.5,157343.5,217
2022,9901,431,299,1838738,2607
2022,9902,269,247,1337581,3344
2022,9903,176,132,598936,858
2022,9904,18.565217391304348,4.221827861579414,24821.425022182786,61
2022,9905,102,42,311464,493
2022,9906,53,22.333333333333332,112978.33333333331,359
2022,9907,14.136546184738956,15.785809906291833,79856.17135207496,88
2022,9908,25.863453815261046,28.880856760374833,146100.49531459168,161
2022,9909,127,88,375468,649
2022,9911,30.43478260869565,6.921029281277727,40690.86069210293,100
2022,9912,36.494505494505496,25.681318681318682,145283.27472527474,123
2022,9913,17.505494505494507,12.31868131868132,69688.72527472528,59
2022,9914,62,56,371469,237
2022,9915,61.24031007751938,61.24031007751938,653986.0368217054,395
2022,9917,105,78,498218,258
2022,9918,104,93,699031,265
2022,9919,260,231,1357694,1380
2022,9921,128,121,879766,483
2022,9922,44.884488448844884,35.64356435643565,210644.88448844885,200
2022,9923,23.115511551155116,18.356435643564357,108482.11551155115,103
2022,9924,2.9605263157894735,6.973684210526315,43633.42105263158,10
2022,9925,2.0723684210526314,4.88157894736842,30543.394736842103,7
2022,9931,57,41,259641,895
2022,9932,253,189,802185,1934
2022,9933,196,162,738011,2423
2022,9934,438,310,1458537,3303
2022,9936,218,77.5,380597.5,1186
2022,9937,61,21,213093.5,281
2022,9939,35,25,140434.5,139
2022,9942,6.747203579418344,7.590604026845637,64750.57718120805,58
2022,9943,19.659955257270692,22.11744966442953,188669.78523489932,169
2022,9944,77.59284116331096,87.29194630872483,744631.6375838927,667
2022,9945,154,135,727472,908
2022,9946,69,62,221110,465
2022,9947,24.691358024691358,19.75308641975309,67497.53086419753,200
2022,9948,25.308641975308642,20.246913580246915,69184.96913580247,205
2022,9949,10,8,27336.5,81
2022,9951,466,428,2965034,3518
2022,9953,125,38.333333333333336,246149.33333333337,986
2022,9954,11.57615894039735,23.355408388520974,149971.77924944815,46
2022,9955,26.423841059602648,53.3112582781457,342326.8874172186,105
2022,9956,19,16,126945.5,248
2022,9957,3.14025974025974,2.7012987012987013,16294.0987012987,26
2022,9959,48.631578947368425,58.184210526315795,409409.2894736842,297
2022,9961,11.324503311258278,13.211920529801324,125692.23509933775,95
2022,9962,6.437086092715232,7.509933774834437,71446.11258278145,54
2022,9963,18.23841059602649,21.27814569536424,202430.6523178808,153
2022,9964,51,51,340725,395
2022,9965,102.00991080277502,91.0802775024777,482205.4023785927,919
2022,9966,9.990089197224975,8.919722497522299,47223.59762140733,90
2022,9967,89.85974025974026,77.2987012987013,466261.9012987013,744
2022,9968,36,26,234119,239
2022,9969,36,16,126945.5,142
2022,9971,59.693413173652694,104.46347305389222,490282.19281437126,733
2022,9972,15.793548387096775,17.806451612903228,76151.38064516129,36
2022,9973,52.20645161290322,58.86021505376344,251722.6193548387,119
2022,9974,51.5,38.333333333333336,163937,664
2022,9975,51.5,35,167338,103
2022,9976,34,35,167338,495
2022,9977,63,63,419718,675
2022,9978,8.306586826347305,14.536526946107784,68224.80718562874,102
2022,9979,321.5,0,0,101
2022,9981,321.5,266,1934237,3029
2022,9982,358.35749690210656,213.46902106567535,1680747.8543990087,1559
2022,9983,92.24845679012346,68.57407407407408,476811.86419753084,529
2022,9984,20.751543209876544,15.425925925925927,107260.13580246914,119
2022,9985,12.642503097893433,7.53097893432466,59295.14560099133,55
2022,9986,17.467105263157894,41.14473684210526,257437.18421052632,59
2022,9987,18.75968992248062,18.75968992248062,200334.96317829457,121
2022,9988,121,78,684584,712
2022,9989,137,116,930302,1198
2022,9991,57,140,948567,1245
2022,9992,75.15286624203821,12.745222929936306,168256.71974522294,69
2022,9993,60.9936305732484,10.343949044585987,136556.17834394902,56
2022,9994,34.853503184713375,5.9108280254777075,78032.10191082803,32
2022,9995,60.74074074074074,17.817283950617284,131085.4024691358,328
2022,9996,7.5,11,80929.25,38
2022,9997,58,11,80929.25,282
2022,9998,14.25925925925926,4.182716049382716,30773.097530864197,77
2022,9999,7.368421052631579,8.81578947368421,62031.71052631579,45
2023,2555,16.19660203005057,0,0,6547
2023,2712,9.603667188125296,0,0,3882
2023,2741,16.206497617055334,0,0,6551
2023,8426,16.57806691449814,0,0,2973
2023,8432,1.4219330855018588,0,0,255
2023,8433,9,5.428571428571429,46022,1620
2023,8935,7.501156112478556,0,0,3868
2023,9131,10.666666666666666,0,0,428
2023,9132,4.91018591254255,2.4989339019189765,21185.30400628437,293
2023,9133,16.423147420790784,8.358208955223882,70858.69599371564,980
2023,9166,30.5,0,0,1554
2023,9201,9.67703438502275,0,0,4990
2023,9202,8.821809502498695,0,0,4549
2023,9283,0,6.41160452450775,54355.89589442815,537
2023,9284,0,6.614578969417678,56076.65982404692,554
2023,9291,50.53745381256299,38.31597805396932,181535.15843690513,2950
2023,9292,0.4625461874370171,0.35068861269734625,1661.5082297615045,27
2023,9293,23.666666666666668,5.428571428571429,46022,241
2023,9295,0,3.259530791788856,27633.444281524924,273
2023,9301,547,156.66666666666666,844191.3333333334,6448
2023,9302,113,91,492685,1386
2023,9304,14.670846394984327,6.8219435736677125,33060.01880877743,117
2023,9305,18.808777429467085,8.746081504702195,42384.6394984326,150
2023,9306,6.520376175548589,3.031974921630094,14693.341692789967,52
2023,9307,0,7.580212014134276,36734.68551236749,173
2023,9311,48,42,198006,732
2023,9312,42,35,165503,512
2023,9313,10.614525139664805,131.2849162011173,707422.905027933,75
2023,9314,14.71880819366853,182.04841713221603,980959.7616387338,104
2023,9315,12.666666666666666,65,360154,166
2023,9321,215,65,360154,2587
2023,9331,193.6070537940862,65.97480787826352,350414.4660796987,2651
2023,9333,0,4.819787985865724,23357.31448763251,110
2023,9334,5.331314570716066,1.8167336760140465,9649.285561606188,73
2023,9335,6.06163163519772,2.0656013028652858,10971.105501552242,83
2023,9336,0,6.051454624402953,32141.317412071214,57
2023,9341,0,59.02822405557968,313518.81545809814,556
2023,9342,13.5,23.285714285714285,123678.28571428572,627
2023,9343,14.64406779661017,0,0,96
2023,9351,327,240,1355797,6058
2023,9354,87.20149253731343,51.40298507462686,296884.3656716418,1230
2023,9355,25.88235294117647,14.11764705882353,105608.11764705883,168
2023,9356,174.3038740920097,105.25272397094432,590695.0469128329,2215
2023,9361,9.443099273607748,5.702179176755448,32001.53753026634,120
2023,9362,11.253026634382566,6.795096852300242,38135.16555690073,143
2023,9363,176,106,539963,2891
2023,9364,11.988209285187915,8.563006632277082,46584.22402358143,332
2023,9365,9.713338246131173,6.938098747236552,37744.44657332351,269
2023,9366,7.798507462686567,4.597014925373134,26550.63432835821,110
2023,9367,27.298452468680914,19.498894620486368,106077.32940309506,756
2023,9401,13.730677660995298,0,0,5374
2023,9402,12.846640729342083,0,0,5028
2023,9403,17.42268160966262,0,0,6819
2023,9406,17.0400373890014,0,0,5469
2023,9408,10,32.25,172427.75,3536
2023,9414,2.9599626109985975,0,0,950
2023,9443,19.695774647887323,0,0,304
2023,9444,22.611267605633802,0,0,349
2023,9447,3.692957746478873,0,0,57
2023,9461,20.633641197872937,10.50104953820319,65050.962111670866,2633
2023,9462,9.12174643157011,4.642317380352645,28757.81234256927,1164
2023,9463,5.2975090959977615,2.6960537363560038,16701.27246011755,676
2023,9464,6.568421052631579,2.4,14867.305263157894,64
2023,9466,0,32,160000,187
2023,9467,25.5,4.75,29424.875,319
2023,9468,159,0,0,1750
2023,9469,25.5,33,180000,332
2023,9471,288.0658788031179,197.19336183052553,1036473.7540859946,3614
2023,9472,134,43,235913.33333333337,1565
2023,9473,22.2,51.6,283096.00000000006,213
2023,9474,14.8,34.4,188730.66666666672,142
2023,9475,28.93412119688207,19.80663816947448,104106.24591400553,363
2023,9479,27,21.5,125074.5,261
2023,9481,143,32.25,172427.75,2071
2023,9482,87,58,292683,1068
2023,9483,44.33333333333333,45.916666666666664,243412.1666666666,361
2023,9484,4.912280701754385,5.087719298245614,26970.87719298245,40
2023,9485,6.754385964912281,6.995614035087719,37084.95614035087,55
2023,9487,0,22.921487603305785,122551.95454545454,43
2023,9488,0,4.777464177160226,25374.7242726878,45
2023,9491,44,39,200597,342
2023,9492,0,41.578512396694215,222303.54545454544,78
2023,9493,8.692307692307692,7.0910931174089065,37773.7955465587,113
2023,9494,29.307692307692307,23.908906882591094,127361.2044534413,381
2023,9495,3.2994011976047903,14.42065868263473,77582.71706586826,38
2023,9496,8.161676646706587,35.67215568862275,191915.14221556886,94
2023,9497,17.538922155688624,76.65718562874251,412413.3907185629,202
2023,9501,13.349146869429186,0,0,5396
2023,9502,7.6715538254447555,0,0,3101
2023,9503,4.972532469894859,0,0,2010
2023,9511,8.831683168316832,0,0,446
2023,9512,2.2804366078925273,1.1605793450881612,7189.453085642317,291
2023,9514,18.73267326732673,0,0,946
2023,9601,579,267,2073159,4701
2023,9602,712,313,1563987,6200
2023,9603,85.5,46,319667.5,1786
2023,9605,33,46,319667.5,402
2023,9606,62,28,174253,974
2023,9607,65,47,318554,625
2023,9608,30.406926406926406,26.606060606060606,353136.5411255411,439
2023,9609,1.593073593073593,1.393939393939394,18501.458874458876,23
2023,9611,804,397,3438189,4240
2023,9613,199.19132455460883,99.59566227730441,666509.6750580946,1213
2023,9614,12.80867544539117,6.404337722695585,42858.8249419055,78
2023,9615,120,40,465699,859
2023,9616,28,40,465699,320
2023,9617,127.76943699731905,81.5549597855228,734271.2453083111,1352
2023,9618,5.481233243967828,3.4986595174262733,31499.80194369973,58
2023,9619,67,39,508511,385
2023,9621,312,90,822237,1125
2023,9622,3.3559322033898304,11.857627118644068,79353.08644067796,33
2023,9623,7.749329758713137,4.946380697050938,44534.20274798928,82
2023,9624,0,30,270101.75,23
2023,9625,27,29,1069546,336
2023,9626,97,44,690915,752
2023,9627,61,35,351943,256
2023,9628,312,170,1254496,1645
2023,9629,32,18.5,241198,164
2023,9631,13.318401937046005,8.458353510895883,47815.2593220339,193
2023,9632,85.5,0,0,27
2023,9633,3.5229933110367893,1.6617892976588629,9260.841555183946,53
2023,9635,84,40,544741,871
2023,9636,144,65,543396,1912
2023,9641,290,156,874286,4068
2023,9642,271.681598062954,172.54164648910412,975381.7406779662,3937
2023,9644,79,37,193110,769
2023,9645,112,54,246235,2321
2023,9646,68,26,124172,1098
2023,9648,261,129,729105,2720
2023,9649,155.4770066889632,73.33821070234113,408700.1584448161,2339
2023,9651,84,36,191862,841
2023,9654,20.864516129032257,0,0,196
2023,9655,5.216129032258064,0,0,49
2023,9656,6.919354838709678,0,0,65
2023,9658,20.83421052631579,7.6125,47157.23388157895,203
2023,9659,11.59736842105263,4.2375,26250.085855263158,113
2023,9661,0,12.717306186374316,77592.88958496477,560
2023,9663,131,14.5,88469.75,2420
2023,9665,215,133,667005,4029
2023,9671,148,42.5,239665,2977
2023,9672,28,42.5,239665,592
2023,9673,80,42,229847,1683
2023,9674,78,28.5,149857,1489
2023,9675,291,63.333333333333336,340169,3486
2023,9677,64,63.333333333333336,340169,684
2023,9678,47,28.5,149857,634
2023,9679,163,62,301825,2568
2023,9681,82,18.333333333333332,123657.33333333331,988
2023,9682,49,27,236837,725
2023,9684,88,14,77905.33333333333,1119
2023,9685,29,63.333333333333336,340169,550
2023,9686,75,14.5,79501.5,1043
2023,9687,9.333333333333334,14,77905.33333333333,122
2023,9688,29,14,77905.33333333333,208
2023,9691,0.43564356435643564,0,0,22
2023,9693,9.333333333333334,14.5,79501.5,804
2023,9695,43.982424605552225,0,0,1573
2023,9696,2.6842420611144395,0,0,96
2023,9697,23.333333333333332,14.5,88469.75,1276
2023,9698,0,16.282693813625688,99346.61041503525,717
2023,9711,647,259,3718867,7432
2023,9712,672,284,4305928,7014
2023,9713,473,369,3069853,8893
2023,9714,376,283,2947255,3468
2023,9715,364,242,2414641,5027
2023,9716,102,61,642284,2682
2023,9717,457,272,2718976,3832
2023,9718,463,306,3403337,5588
2023,9721,617,480,3525505,6620
2023,9722,496,372,2802102,4586
2023,9723,330,167,1091202,4943
2023,9724,275,182,2133502,3139
2023,9725,364,242,2708418,3749
2023,9726,247,187,1869928,2853
2023,9727,298,200,1487538,3071
2023,9728,463,372,2284081,6361
2023,9731,323.76176391503094,290.803979564399,2591672.2075826833,3605
2023,9732,237,187,1283483,2428
2023,9733,113,110,675447,1890
2023,9734,115,94,906347,1185
2023,9735,10.238236084969078,9.196020435600968,81955.79241731648,114
2023,9736,152,131,1015356,3214
2023,9737,258,224,1557431,3045
2023,9738,28,65.33333333333333,511112,270
2023,9741,213.0804650102576,127.7179545627232,999155.803966264,4288
2023,9742,529,210,1201414,6261
2023,9743,239,157,978299,6581
2023,9744,254,259,1448342,2686
2023,9745,138,146,1319117,1572
2023,9746,206,125,814814,3224
2023,9747,4.919534989742421,2.948712103943469,23068.19603373604,99
2023,9749,0,65,360154,185
2023,9751,343,270,1942964,3741
2023,9752,397,211,1476989,3428
2023,9753,174,87,458774.5,2402
2023,9755,28,87,458774.5,306
2023,9756,37,21.5,125074.5,638
2023,9761,235,42.25,227303.75,3368
2023,9765,193,146,881989,1856
2023,9766,119,75,432955,1112
2023,9771,50.213143872113676,43.2137359384251,433424.0331557135,514
2023,9773,4.786856127886323,4.119597394908229,41318.63351095323,49
2023,9774,27,23.666666666666668,237371.33333333337,296
2023,9781,607,425,3580341,4304
2023,9784,11.62303664921466,7.361256544502618,224732.3821989529,111
2023,9785,48.37696335078534,30.63874345549738,935372.617801047,462
2023,9791,332,215,1973981,2186
2023,9792,41.15003138731953,40.847457627118644,588143.4802259888,482
2023,9793,22.666666666666668,26,332835,63
2023,9794,4.183301946013811,4.152542372881356,59790.5197740113,49
2023,9795,30,28,180175,166
2023,9796,11.667692307692308,6.563076923076923,75985.84615384616,79
2023,9797,36.332307692307694,20.436923076923076,236614.15384615384,246
2023,9798,26.64406779661017,94.14237288135593,630015.413559322,262
2023,9801,209.75853086741338,107.27376921073196,710189.3871667968,3677
2023,9804,47,38,224529,714
2023,9805,9.241469132586612,4.726230789268039,31289.279499869757,162
2023,9811,8.632558139534884,5.395348837209303,40360.31162790698,116
2023,9821,40.39167686658507,32.313341493268055,175728.92696858427,550
2023,9822,18.333333333333332,24,130518.66666666669,721
2023,9824,6.973316391359593,4.48284625158831,23965.171537484115,196
2023,9825,0,39.25,220277.25,72
2023,9827,10.784313725490195,5.882352941176471,44003.382352941175,70
2023,9828,23.367441860465117,14.604651162790699,109251.18837209303,314
2023,9831,60.72260273972603,55.36472602739726,595987.8809931508,1043
2023,9832,16,56,370739.3333333333,166
2023,9833,7.277397260273973,6.635273972602739,71427.11900684932,125
2023,9842,13.477495107632093,6.947162426614481,37633.05675146771,213
2023,9843,83.5225048923679,43.05283757338552,233218.94324853228,1320
2023,9844,9.347626339969372,6.676875957120981,36633.5145482389,109
2023,9845,14.064318529862174,10.045941807044409,55118.31546707503,164
2023,9851,30,19.333333333333332,91598.33333333331,280
2023,9852,13.178030303030303,7.517045454545454,36206.54545454545,98
2023,9853,34.15530303030303,19.482954545454543,93841.45454545454,254
2023,9861,100,96,509300,1767
2023,9862,19.60832313341493,15.686658506731945,85308.40636474908,267
2023,9863,36,30,157078,463
2023,9864,10.282083862770014,6.609911054637865,35336.400889453624,289
2023,9865,38.74459974587039,24.907242693773824,133153.42757306225,1089
2023,9866,32.588055130168456,23.27718223583461,127713.16998468607,380
2023,9871,9.147005444646098,7.165154264972776,42105.34301270418,84
2023,9872,8.493647912885661,6.653357531760435,39097.81851179674,78
2023,9873,42.35934664246824,33.18148820326679,194987.83847549913,389
2023,9881,19.262295081967213,8.299180327868852,79630.32786885246,150
2023,9882,13.3551912568306,5.754098360655737,55210.3606557377,104
2023,9883,61,48,360262,659
2023,9884,14.382513661202186,6.19672131147541,59457.311475409835,112
2023,9885,0,6.75,64766,89
2023,9886,7.216738197424893,5.015021459227468,34853.6652360515,57
2023,9891,51.783261802575105,35.98497854077253,250090.3347639485,409
2023,9892,18.31967213114754,10.991803278688526,152643.57923497268,149
2023,9893,26.68032786885246,16.008196721311474,222306.42076502732,217
2023,9901,370,243,1983594,2607
2023,9902,187,136,1363814,3344
2023,9903,114,86,679508,858
2023,9904,14.5,28.5,226877.5,61
2023,9905,73,28.5,226877.5,493
2023,9906,40,18,145309.66666666666,359
2023,9907,13.429718875502008,12.72289156626506,102708.8406961178,88
2023,9908,24.570281124497996,23.27710843373494,187910.49263721553,161
2023,9909,105,72,490469,649
2023,9911,14.5,15.333333333333334,166525,100
2023,9912,33.11538461538462,20.725274725274726,225083.24175824178,123
2023,9913,15.884615384615385,9.941391941391942,107966.75824175825,59
2023,9914,57.15882352941176,30.670588235294115,278548.8882352941,237
2023,9915,66,26.5,434919,395
2023,9917,71,48,408106,258
2023,9918,62,50,507676,265
2023,9919,176,171,1760087,1380
2023,9921,82,68,635699,483
2023,9922,25.806451612903224,22.22222222222222,590811.4695340502,200
2023,9923,24.841176470588234,13.329411764705881,121057.11176470587,103
2023,9924,1.2903225806451613,1.1111111111111112,29540.573476702506,10
2023,9931,37,79,545040,895
2023,9932,205,79,545040,1934
2023,9933,185,109,818577,2423
2023,9934,330,192,1266183,3303
2023,9936,97,62,494744,1186
2023,9937,51,27,200070,281
2023,9939,33,18.5,241198,139
2023,9942,7.4096916299559465,9.368575624082231,63190.53157121878,58
2023,9943,21.590308370044053,27.298091042584435,184124.13509544785,169
2023,9944,79,27,236837,667
2023,9945,118,63,335573,908
2023,9946,47.54887218045113,18.646616541353385,97943.2180451128,465
2023,9947,20.451127819548873,8.020050125313283,42126.11528822055,200
2023,9948,13.5,13.333333333333334,70034.66666666667,205
2023,9949,12.35593220338983,0,0,81
2023,9951,387,289,2578321,3518
2023,9953,126,28.666666666666668,279460.6666666667,986
2023,9954,8.225165562913908,17.465783664459163,170267.42604856513,46
2023,9955,18.774834437086092,39.867549668874176,388653.90728476824,105
2023,9956,36,16.5,148672.5,248
2023,9957,3.2077922077922074,2.0935064935064935,15324.062337662337,26
2023,9959,36,32,507533,297
2023,9961,11.009933774834437,9.908940397350992,120391.03062913907,95
2023,9962,6.258278145695364,5.632450331125828,68432.7963576159,54
2023,9963,17.7317880794702,15.95860927152318,193892.92301324505,153
2023,9964,41,10.5,127572.25,395
2023,9965,88,16.5,154944.75,919
2023,9966,10.285714285714286,18.183673469387756,170755.4387755102,90
2023,9967,91.79220779220779,59.906493506493504,438503.9376623377,744
2023,9968,36,29,562832,239
2023,9969,34,16.5,148672.5,142
2023,9971,105.34131736526946,45.64790419161677,254735.49580838322,733
2023,9972,4.114285714285715,7.273469387755103,68302.17551020409,36
2023,9973,13.6,24.04285714285714,225776.63571428572,119
2023,9974,55,35,164865,664
2023,9975,55,20,110190,103
2023,9976,30.5,20,110190,495
2023,9977,61,30,260420,675
2023,9978,14.658682634730539,6.3520958083832335,35447.50419161677,102
2023,9979,17.395193591455275,6.1489986648865145,74941.73030707611,101
2023,9981,712,387,3971341,3029
2023,9982,278,224,2056467,1559
2023,9983,91.10947930574099,32.20614152202937,392516.5874499333,529
2023,9984,20.49532710280374,7.244859813084111,88297.68224299065,119
2023,9985,27.982456140350877,14.666666666666666,178751.9298245614,55
2023,9986,30.017543859649127,15.733333333333334,191752.07017543862,59
2023,9987,33,26.5,434919,121
2023,9988,113,56,678415,712
2023,9989,128,88,1287716,1198
2023,9991,124.2198049512378,125.15378844711178,1351159.3660915229,1245
2023,9992,8.903225806451612,7.666666666666667,203829.95698924732,69
2023,9993,5.587396849212303,5.629407351837959,60775.03975993999,56
2023,9994,3.1927981995498875,3.216804201050263,34728.59414853714,32
2023,9995,53.20888888888889,35.715555555555554,592636.9600000001,328
2023,9996,29,26,324005.5,38
2023,9997,0,26,324005.5,282
2023,9998,12.49111111111111,8.384444444444444,139125.13999999998,77
2023,9999,7.300000000000001,4.9,81306.90000000001,45
2024,0,5.666666666666667,10.4,188632.4,0
2024,1,0,0,0,0
2024,2116,1.12857732526142,0,0,579
2024,2593,11.024582645386168,0,0,5656
2024,3208,6.371881306182352,0,0,3269
2024,6361,6.792904971564852,0,0,3485
2024,7742,10.46388667198723,0,0,3085
2024,7812,17.97007182761373,0,0,5298
2024,7814,2.109736632083001,0,0,622
2024,7815,12.543096568236233,0,0,3698
2024,7828,4.019353551476457,0,0,1185
2024,7844,3.893854748603352,0,0,1148
2024,7877,0,0.3429282455412692,6219.940190792202,53
2024,7938,1.4382913264702404,0,0,442
2024,7981,3.015387084938544,0,0,1547
2024,8432,225.7556270096463,0,0,255
2024,8433,275.3333333333333,684,6913858,1620
2024,8434,324.91103965702035,0,0,367
2024,8456,0,11.5,128313,562
2024,9132,28,15.333333333333334,159853.33333333334,293
2024,9133,13.243243243243242,24.613704613704613,256603.22140322143,980
2024,9166,8.25,0,0,1554
2024,9201,16.237723346349544,0,0,4990
2024,9202,14.802686072654124,0,0,4549
2024,9231,5,8.6,119075,3366
2024,9233,1.7506803928529169,0,0,538
2024,9241,14.666666666666666,0,0,926
2024,9243,21.796457837694952,17.090404440919905,190688.78826328312,937
2024,9248,7.536875495638381,5.909595559080095,65937.21173671688,324
2024,9257,3.3223878830907583,0,0,1021
2024,9258,1.311383268252278,0,0,403
2024,9285,0,29.688434214265417,300719.5480534243,2968
2024,9291,17.5,8.8,89136.8,2950
2024,9292,8.25,10,113084,27
2024,9293,3.2567567567567566,6.052962052962053,63103.44526344527,241
2024,9297,17.5,0,0,51
2024,9301,476,347,3349193,6448
2024,9302,68,65,732771,1386
2024,9304,12,48.5,539509.75,117
2024,9305,12,15,166171,150
2024,9306,0,15,166171,52
2024,9307,14.671378091872793,26.489988221436988,420844.4051825678,173
2024,9311,45,15,166171,732
2024,9312,26.66113989637306,23.212435233160623,252125.51295336784,512
2024,9313,3.905440414507772,3.400259067357513,36932.44818652849,75
2024,9314,10.322962962962963,37.36296296296296,415622.3259259259,104
2024,9315,16.477037037037036,59.63703703703704,663397.174074074,166
2024,9321,167,48.5,539509.75,2587
2024,9331,272,189,2052330,2651
2024,9333,9.328621908127207,16.843345111896348,267588.9281507656,110
2024,9334,20.776923076923076,15.161538461538461,200133.71153846153,73
2024,9335,48,13.5,178201.25,83
2024,9336,16.223076923076924,11.838461538461539,156268.78846153847,57
2024,9337,30,13.5,178201.25,85
2024,9341,455,401,3658462,556
2024,9342,79,21.666666666666668,344216.6666666667,627
2024,9343,39,11.5,128313,96
2024,9351,332,238,2585414,6058
2024,9354,134,91,1138068,1230
2024,9355,19.764705882352942,18,256213.05882352943,168
2024,9356,99,84,1016204,2215
2024,9361,6.199261992619926,4.206642066420664,54427.74907749077,120
2024,9362,7.387453874538745,5.012915129151292,64859.73431734317,143
2024,9363,689,565,5699552,2891
2024,9364,22.880450070323487,16.343178621659636,199471.29676511954,332
2024,9365,18.538677918424757,13.241912798874825,161619.81575246132,269
2024,9366,7.580872011251758,5.414908579465542,66089.88748241913,110
2024,9367,169,104,1057789,756
2024,9401,141,131.25,1311250,5374
2024,9402,1579,1304,12845000,5028
2024,9403,1207.7462170341548,679.0501513186338,6790501.513186337,6819
2024,9404,92,0,0,4529
2024,9405,672,131.25,1311250,2844
2024,9406,2058,1798,17670870,5469
2024,9407,1880,1711,17155000,3115
2024,9408,2322,2111,21175000,3536
2024,9409,21.253782965845225,11.949848681366191,119498.48681366192,120
2024,9413,0,131.25,1311250,646
2024,9414,3.0913501360785705,0,0,950
2024,9415,1.461069695893977,0,0,449
2024,9417,0.849307774227902,0,0,261
2024,9421,105,50,500000,1516
2024,9422,7.9919536149568104,0,0,2456
2024,9423,2.743166489172879,0,0,843
2024,9451,5.5,13.25,136061.5,2047
2024,9452,5.176470588235294,0,0,32
2024,9454,5.5,131.25,1311250,127
2024,9456,1.4558823529411764,0,0,9
2024,9457,5.176470588235294,0,0,32
2024,9458,10.191176470588236,0,0,63
2024,9461,11.478537894030852,18.365660630449366,259206.22360831653,2633
2024,9462,5.0744466800804835,8.119114688128773,114590.21810865191,1164
2024,9463,2.9470154258886656,4.715224681421866,66548.95828303152,676
2024,9464,1.5895424836601306,2.6101960784313727,36839.35372549019,64
2024,9465,0.47213525360050096,0,0,116
2024,9466,0,13.25,136061.5,187
2024,9467,6.5,13.25,136061.5,319
2024,9468,116,93,910385,1750
2024,9469,28,13.25,136061.5,332
2024,9471,232,202,1932158,3614
2024,9472,107,88,887075,1565
2024,9473,21,16.2,175381.19999999998,213
2024,9474,14,10.8,116920.8,142
2024,9475,73,39,401364,363
2024,9479,17.03174603174603,13.809523809523808,149223.87301587302,261
2024,9481,117,96,1070677,2071
2024,9482,82,20.75,213218.75,1068
2024,9483,22.166666666666664,49.28125,506394.53125,361
2024,9484,2.4561403508771926,5.4605263157894735,56110.197368421046,40
2024,9485,3.3771929824561404,7.5082236842105265,77151.52138157895,55
2024,9486,9.417808219178081,7.020547945205479,72196.23287671233,25
2024,9487,16.198630136986303,12.075342465753424,124177.52054794521,43
2024,9488,21.796875,18.984375,190300.78125,45
2024,9489,9.203125,8.015625,80349.21875,19
2024,9491,52,36,386881,342
2024,9492,29.383561643835616,21.9041095890411,225252.24657534246,78
2024,9493,8.463562753036436,3.659919028340081,55764.63076923077,113
2024,9494,28.536437246963562,12.34008097165992,188020.56923076924,381
2024,9495,3.526946107784431,2.7305389221556884,41604.061077844315,38
2024,9496,8.724550898203592,6.754491017964072,102915.30898203595,94
2024,9497,18.748502994011975,14.51497005988024,221158.4299401198,202
2024,9501,31.329732649203347,0,0,5396
2024,9502,6.666666666666667,10.4,188632.4,3101
2024,9503,11.670267350796651,0,0,2010
2024,9511,11.077124183006536,18.18980392156863,256724.2462745098,446
2024,9512,31,0,0,291
2024,9514,21.66847498493068,0,0,946
2024,9515,1.3418079096045197,0,0,304
2024,9521,10.390183615819211,0,0,2354
2024,9523,1.050494350282486,0,0,238
2024,9531,12.5278647463995,0,0,3078
2024,9561,0,30.857071754458733,559677.2598092078,4769
2024,9571,4.775776836158192,0,0,1082
2024,9581,15.775070621468927,0,0,3574
2024,9591,87,0,0,1307
2024,9601,506,522,6352019,4701
2024,9602,439,611,4314289,6200
2024,9603,160,121,1205739,1786
2024,9605,32,36.5,431681.5,402
2024,9606,80,36.5,431681.5,974
2024,9607,78,66,875247,625
2024,9608,55,26,345042.5,439
2024,9609,0,26,345042.5,23
2024,9611,449,598,7258547,4240
2024,9613,164,111,1150597,1213
2024,9614,10.664879356568365,9.410187667560322,294622.9383378016,78
2024,9615,92,134,1507107,859
2024,9616,47.407407407407405,46.56084656084656,1195500.529100529,320
2024,9617,159,177,2329064,1352
2024,9618,8.592592592592592,8.439153439153438,216684.47089947088,58
2024,9619,50,77,1158039,385
2024,9621,170,324,3112377,1125
2024,9622,4.512064343163539,3.9812332439678286,124648.16621983914,33
2024,9623,9.854875283446711,9.482993197278912,904239.2879818594,82
2024,9624,2.764172335600907,2.6598639455782314,253628.09297052154,23
2024,9625,40.38095238095238,38.857142857142854,3705175.619047619,336
2024,9626,104,125,1906978,752
2024,9627,41,45,638598,256
2024,9628,244,318,3304486,1645
2024,9629,21.5,33,453985,164
2024,9631,10.16576297443842,7.474825716498838,93500.50193648334,193
2024,9632,49.666666666666664,0,0,27
2024,9633,2.200947603121516,2.5702341137123743,17043.6877090301,53
2024,9635,136,107,3032669,871
2024,9636,156,147,1971340,1912
2024,9641,183,124,1476152,4068
2024,9642,181,157,1493479,3937
2024,9644,54,36,398051,769
2024,9645,83,66,617127,2321
2024,9646,57.83423702556158,42.52517428350116,531935.4980635167,1098
2024,9648,188,142,1643873,2720
2024,9649,97.13238573021181,113.42976588628763,752173.3122909699,2339
2024,9651,57,46,422576,841
2024,9654,23.04075235109718,0,0,196
2024,9655,1.1223628691983123,0,0,49
2024,9656,1.4888487040385774,0,0,65
2024,9657,1.0536467751657626,0,0,46
2024,9659,13.28369905956113,0,0,113
2024,9661,324,260,2613155,560
2024,9663,641,457,5025833,2420
2024,9665,459,348,3861156,4029
2024,9671,177,96,1056864,2977
2024,9672,37,26,227006,592
2024,9673,61,46,424838,1683
2024,9674,58,83,787789,1489
2024,9675,222,196,1935072,3486
2024,9677,38,30,291922,684
2024,9678,58,25,260215,634
2024,9679,113,89,934267,2568
2024,9681,67,31,399085,988
2024,9682,37,27,274543,725
2024,9684,78,48,682151,1119
2024,9685,51,29,281727,550
2024,9686,56,9,111649,1043
2024,9687,12.2,6.654545454545454,82552.59393939393,122
2024,9688,20.799999999999997,11.345454545454544,140745.40606060604,208
2024,9691,0,9,111649,22
2024,9693,33,9,111649,804
2024,9695,23.562013181545836,228.08028759736368,2329744.9472738164,1573
2024,9696,1.4379868184541642,13.919712402636309,142184.05272618335,96
2024,9697,584,121,1235964.5,1276
2024,9698,248,161,1675326,717
2024,9699,0,121,1235964.5,498
2024,9711,886,377,9478082,7432
2024,9712,781,366,8441488,7014
2024,9713,570,481,6117530,8893
2024,9714,363,302,3866335,3468
2024,9715,528,339,4961835,5027
2024,9716,162,91,1451039,2682
2024,9717,447,366,5826843,3832
2024,9718,669,372,7353704,5588
2024,9721,622,529,6004318,6620
2024,9722,525,456,6213213,4586
2024,9723,270,229,3210706,4943
2024,9724,358,235,3845551,3139
2024,9725,381,315,4765355,3749
2024,9726,208,204,3018761,2853
2024,9727,234,268,3092489,3071
2024,9728,454,373,3966798,6361
2024,9731,268,304,3919725,3605
2024,9732,196,224,2331870,2428
2024,9733,152,117,1186527,1890
2024,9734,110.3810623556582,135.92378752886836,1667714.6304849884,1185
2024,9735,10.618937644341802,13.076212471131639,160438.36951501155,114
2024,9736,124,171,1698817,3214
2024,9737,189,247,2380543,3045
2024,9738,11.977676016027477,6.9032627361190615,92546.58271322267,270
2024,9741,240,215,2220619,4288
2024,9742,239,333,2822739,6261
2024,9743,328,179,1818096,6581
2024,9744,220,258,2199259,2686
2024,9745,108,85,875624,1572
2024,9746,143.0223239839725,82.43007059721427,1105074.7506201107,3224
2024,9747,0,44.666666666666664,598810.6666666666,99
2024,9749,9.63341968911917,8.387305699481866,91100.03886010361,185
2024,9751,260,262,3068855,3741
2024,9752,247,213,2533662,3428
2024,9753,149,130,1241723,2402
2024,9755,19.96825396825397,16.19047619047619,174952.12698412698,306
2024,9756,59,43,353168,638
2024,9761,253,221,2211017,3368
2024,9765,137,125,1218840,1856
2024,9766,101,89,934382,1112
2024,9771,25,50,737565,514
2024,9773,25,19.333333333333332,516344.6666666667,49
2024,9774,50.909090909090914,28.12121212121212,751046.787878788,296
2024,9781,542,656,7977683,4304
2024,9784,19.09090909090909,10.545454545454543,281642.54545454547,111
2024,9785,61,69,1249724,462
2024,9791,307,306,4110402,2186
2024,9792,17.333333333333332,35,1464453,482
2024,9793,17.333333333333332,30.5,289833,63
2024,9794,17.333333333333332,17,959840.3333333334,49
2024,9795,33,35,1464453,166
2024,9796,11.424615384615384,8.264615384615384,466630.0697435898,79
2024,9797,35.575384615384614,25.735384615384614,1453050.596923077,246
2024,9798,35.8230563002681,31.60857908847185,989630.8954423593,262
2024,9801,197,163,1698442,3677
2024,9804,22,33,376038,714
2024,9805,10.666666666666666,12.75,181484.25,162
2024,9811,8.775413711583923,12.61465721040189,178918.34515366433,116
2024,9821,28.41328413284133,19.280442804428045,249460.51660516608,550
2024,9822,28,12.75,181484.25,721
2024,9824,6.253696498054476,2.623501945525292,36324.82490272374,196
2024,9825,14.333333333333334,9.5,122916,72
2024,9827,8.23529411764706,7.5,106755.44117647059,70
2024,9828,34,15.333333333333334,217478.33333333337,314
2024,9831,34,41,694155,1043
2024,9832,12.557919621749408,18.052009456264773,256038.3215130024,166
2024,9833,9.164969450101832,7.382892057026476,151056.51731160897,125
2024,9842,22,10,130516.66666666669,213
2024,9843,76,69,774370,1320
2024,9844,13.5,10.666666666666666,121503.33333333331,109
2024,9845,13.5,14.666666666666666,183157,164
2024,9851,18.60759493670886,13.291139240506329,150301.51898734175,280
2024,9852,6.512658227848101,4.651898734177215,52605.531645569616,98
2024,9853,16.879746835443036,12.056962025316455,136344.9493670886,254
2024,9861,64,53,500969,1767
2024,9862,14,14.666666666666666,183157,267
2024,9863,17.64982269503546,10.589893617021277,146626.92819148937,463
2024,9864,11.016843971631205,6.6101063829787226,91523.07180851063,289
2024,9865,34.746303501945526,14.576498054474706,201825.17509727625,1089
2024,9866,32,14.666666666666666,183157,380
2024,9871,0,0.8402387041773232,8510.930605285592,84
2024,9872,0,0.7802216538789429,7903.006990622335,78
2024,9873,0,3.891105427678318,39413.714350667804,389
2024,9881,12.552301255230125,13.389121338912133,152514.6443514644,150
2024,9882,9.62962962962963,9.62962962962963,125682.71604938273,104
2024,9883,54,40,673197,659
2024,9884,10.37037037037037,10.37037037037037,135350.61728395062,112
2024,9885,7.447698744769874,7.944211994421199,90492.02231520221,89
2024,9886,5.2596566523605155,5.5042918454935625,86599.02360515021,57
2024,9891,37.74034334763948,39.49570815450644,621385.9763948497,409
2024,9892,10.924643584521384,8.80040733197556,180059.36863543792,149
2024,9893,15.910386965376784,12.816700610997964,262234.1140529532,217
2024,9901,472,391,4934672,2607
2024,9902,238,207,2452779,3344
2024,9903,104,147,2429981,858
2024,9904,17,19.5,279977,61
2024,9905,104,97,2456383,493
2024,9906,35,40,598889,359
2024,9907,12.016064257028113,15.196787148594378,721655.4859437752,88
2024,9908,21.983935742971887,27.803212851405625,1320301.514056225,161
2024,9909,102,119,1728188,649
2024,9911,16,19.5,279977,100
2024,9912,17,18,432681.5,123
2024,9913,16,18,432681.5,59
2024,9914,34,24.5,433541,237
2024,9915,36,62,788938,395
2024,9917,41,67,1899427,258
2024,9918,48,30.5,289833,265
2024,9919,127,171,2372770,1380
2024,9921,64.51948051948051,79.75324675324676,2067278.5324675324,483
2024,9922,43.86617100371747,36.43122676579925,435654.27509293676,200
2024,9923,12.5,24.5,433541,103
2024,9924,1.1755485893416926,0,0,10
2024,9925,2.7259615384615383,1.4639423076923077,30349.54326923077,7
2024,9931,45,40,454571,895
2024,9932,278,264,2707648,1934
2024,9933,294,228,1955334,2423
2024,9934,523,345,3642797,3303
2024,9936,173,130,1476554,1186
2024,9937,86,74,1178982,281
2024,9939,21.5,33,373514,139
2024,9942,4.32,5.2,70398.72,58
2024,9943,27,31,399085,169
2024,9944,49.68,59.800000000000004,809585.28,667
2024,9945,192,108,1098224,908
2024,9946,58,30,297893,465
2024,9947,27,11,98300.33333333331,200
2024,9948,25.804195804195803,15.769230769230768,140920.05827505825,205
2024,9949,10.195804195804197,6.230769230769231,55680.60839160838,81
2024,9951,397,446,6656991,3518
2024,9953,196,147,1654491,986
2024,9954,29.5,10.333333333333334,155977,46
2024,9955,19.770992366412216,16.56488549618321,250039.46564885497,105
2024,9956,12.333333333333334,38,578433,248
2024,9957,4.895674300254453,4.101781170483461,61914.53435114504,26
2024,9959,29.5,46,634170,297
2024,9961,9.988317757009346,11.098130841121495,142024.33411214952,95
2024,9962,5.677570093457943,6.308411214953271,80729.6214953271,54
2024,9963,16.086448598130843,17.873831775700936,228733.92757009345,153
2024,9964,40,41,580865,395
2024,9965,94,82,968689,919
2024,9966,9.462616822429906,10.514018691588785,134549.36915887852,90
2024,9967,85,101,1467613,744
2024,9968,33,35,594811,239
2024,9969,12.333333333333334,35,503135,142
2024,9971,27.666666666666668,69,453768,733
2024,9972,3.7850467289719623,4.205607476635514,53819.747663551396,36
2024,9973,9,0,0,119
2024,9974,58,69,451115,664
2024,9975,27.801626016260165,16.078048780487805,155639.86666666667,103
2024,9976,54,16,154884.33333333334,495
2024,9977,66,59,584637,675
2024,9978,27.53170731707317,15.921951219512195,154128.80000000002,102
2024,9979,11.324242424242426,41.01212121212121,553998.7727272727,101
2024,9981,481,718,9288652,3029
2024,9982,235,296,3487232,1559
2024,9983,40,44.666666666666664,603365,529
2024,9984,13.342424242424242,48.32121212121212,652731.2272727273,119
2024,9985,40,7.25,150302.5,55
2024,9986,22.975961538461537,12.338942307692307,255803.29326923075,59
2024,9987,36,33,509382,121
2024,9988,108,138,1585817,712
2024,9989,200,162,2392857,1198
2024,9991,138.44166014095538,148.19107282693813,2511877.6820673454,1245
2024,9992,15.133828996282528,12.568773234200743,150300.72490706318,69
2024,9993,7.480519480519481,9.246753246753247,239684.46753246756,56
2024,9994,3.558339859044636,3.8089271730618637,64562.31793265466,32
2024,9995,49,56,1354690,328
2024,9996,14.798076923076922,7.947115384615384,164754.66346153844,38
2024,9997,13.5,46,840793,282
2024,9998,22.09016393442623,15.778688524590164,768807.762295082,77
2024,9999,12.90983606557377,9.221311475409836,449303.2377049181,45
